,id,JudulSkripsi,abstract,keyword,NamaPeneliti,Tahun,ProgramStudi,judul_cleaned,judul_tokenized,judul_lower,judul_no_stopwords,judul_stemmed,cluster_label
0,1,Alat Pendeteksi Kebocoran Gas Lpg Berbasis Arduino Uno Dengan Sms (Short Message Service) Sebagai Notifikasi,,,Adesta Tito Suwandhita,2018,Teknik Informatika,Alat Pendeteksi Kebocoran Gas Lpg Berbasis Arduino Uno Dengan Sms Short Message Service Sebagai Notifikasi,"Alat, Pendeteksi, Kebocoran, Gas, Lpg, Berbasis, Arduino, Uno, Dengan, Sms, Short, Message, Service, Sebagai, Notifikasi","alat, pendeteksi, kebocoran, gas, lpg, berbasis, arduino, uno, dengan, sms, short, message, service, sebagai, notifikasi","alat, pendeteksi, kebocoran, gas, lpg, berbasis, arduino, uno, dengan, sms, short, message, service, sebagai, notifikasi",alat deteksi bocor gas lpg bas arduino uno dengan sms short message service bagai notifikasi,2
1,2,Sistem Pendukung Keputusan Penilaian Kinerja Pegawai Honorer Menggunakan Metode Weighted Product (Wp) Pada : Kantor Kelurahan Loa Bakung Samarinda,,,Muhammad Faizal Rusbian,2018,Sistem Informasi,Sistem Pendukung Keputusan Penilaian Kinerja Pegawai Honorer Menggunakan Metode Weighted Product Wp Pada  Kantor Kelurahan Loa Bakung Samarinda,"Sistem, Pendukung, Keputusan, Penilaian, Kinerja, Pegawai, Honorer, Menggunakan, Metode, Weighted, Product, Wp, Pada, Kantor, Kelurahan, Loa, Bakung, Samarinda","sistem, pendukung, keputusan, penilaian, kinerja, pegawai, honorer, menggunakan, metode, weighted, product, wp, pada, kantor, kelurahan, loa, bakung, samarinda","sistem, pendukung, keputusan, penilaian, kinerja, pegawai, honorer, menggunakan, metode, weighted, product, wp, pada, kantor, kelurahan, loa, bakung, samarinda",sistem dukung putus nilai kerja pegawai honorer guna metode weighted product wp pada kantor lurah loa bakung samarinda,4
2,3,Membangun Pengenalan Hewan Augmented Reality Berbasis Android Menggunakan Vuforia,,,Zulfikar Fitri Istyanto,2018,Teknik Informatika,Membangun Pengenalan Hewan Augmented Reality Berbasis Android Menggunakan Vuforia,"Membangun, Pengenalan, Hewan, Augmented, Reality, Berbasis, Android, Menggunakan, Vuforia","membangun, pengenalan, hewan, augmented, reality, berbasis, android, menggunakan, vuforia","membangun, pengenalan, hewan, augmented, reality, berbasis, android, menggunakan, vuforia",bangun kenal hewan augmented reality bas android guna vuforia,2
3,4,Alat Penyiram Tanaman Otomatis Menggunakan Arduino Uno Dengan Kendali Sms,,,Aris Prasetyo,2018,Teknik Informatika,Alat Penyiram Tanaman Otomatis Menggunakan Arduino Uno Dengan Kendali Sms,"Alat, Penyiram, Tanaman, Otomatis, Menggunakan, Arduino, Uno, Dengan, Kendali, Sms","alat, penyiram, tanaman, otomatis, menggunakan, arduino, uno, dengan, kendali, sms","alat, penyiram, tanaman, otomatis, menggunakan, arduino, uno, dengan, kendali, sms",alat siram tanam otomatis guna arduino uno dengan kendali sms,2
4,5,Desain Dan Implementasi E-Learning Pada Lkp Active English Course Tenggarong Berbasis Web,,,Riski apriliansyah,2020,Sistem Informasi,Desain Dan Implementasi ELearning Pada Lkp Active English Course Tenggarong Berbasis Web,"Desain, Dan, Implementasi, ELearning, Pada, Lkp, Active, English, Course, Tenggarong, Berbasis, Web","desain, dan, implementasi, elearning, pada, lkp, active, english, course, tenggarong, berbasis, web","desain, dan, implementasi, elearning, pada, lkp, active, english, course, tenggarong, berbasis, web",desain dan implementasi elearning pada lkp active english course tenggarong bas web,1
5,6,Sistem Pendukung Keputusan Penyeleksian Calon Karyawan Bagian Operator Alat Berat Pada Pt> Pama Persada Nusantara Menggunakan Metode Mfep Berbasis Web,,,I Komang Ari Wijaya Saputra,2019,Teknik Informatika,Sistem Pendukung Keputusan Penyeleksian Calon Karyawan Bagian Operator Alat Berat Pada Pt Pama Persada Nusantara Menggunakan Metode Mfep Berbasis Web,"Sistem, Pendukung, Keputusan, Penyeleksian, Calon, Karyawan, Bagian, Operator, Alat, Berat, Pada, Pt, Pama, Persada, Nusantara, Menggunakan, Metode, Mfep, Berbasis, Web","sistem, pendukung, keputusan, penyeleksian, calon, karyawan, bagian, operator, alat, berat, pada, pt, pama, persada, nusantara, menggunakan, metode, mfep, berbasis, web","sistem, pendukung, keputusan, penyeleksian, calon, karyawan, bagian, operator, alat, berat, pada, pt, pama, persada, nusantara, menggunakan, metode, mfep, berbasis, web",sistem dukung putus seleksi calon karyawan bagi operator alat berat pada pt pama persada nusantara guna metode mfep bas web,4
6,7,Sistem Informasi Reservasi Kamar Berbasis Website Pada Homestay Dewantara 11 Samarinda,,,Rifqi,2019,Sistem Informasi,Sistem Informasi Reservasi Kamar Berbasis Website Pada Homestay Dewantara  Samarinda,"Sistem, Informasi, Reservasi, Kamar, Berbasis, Website, Pada, Homestay, Dewantara, Samarinda","sistem, informasi, reservasi, kamar, berbasis, website, pada, homestay, dewantara, samarinda","sistem, informasi, reservasi, kamar, berbasis, website, pada, homestay, dewantara, samarinda",sistem informasi reservasi kamar bas website pada homestay dewantara samarinda,5
7,8,Sistem Pendukung Keputusan Penentuan Penerimaan Beasiswa Perusahaan Pt.Pkn Dengan Metode Smart Bagi Siswa Smp Negeri 3 Tanjung Selor Berbasis Web,,,Yosia Kelso,2019,Sistem Informasi,Sistem Pendukung Keputusan Penentuan Penerimaan Beasiswa Perusahaan PtPkn Dengan Metode Smart Bagi Siswa Smp Negeri  Tanjung Selor Berbasis Web,"Sistem, Pendukung, Keputusan, Penentuan, Penerimaan, Beasiswa, Perusahaan, PtPkn, Dengan, Metode, Smart, Bagi, Siswa, Smp, Negeri, Tanjung, Selor, Berbasis, Web","sistem, pendukung, keputusan, penentuan, penerimaan, beasiswa, perusahaan, ptpkn, dengan, metode, smart, bagi, siswa, smp, negeri, tanjung, selor, berbasis, web","sistem, pendukung, keputusan, penentuan, penerimaan, beasiswa, perusahaan, ptpkn, dengan, metode, smart, bagi, siswa, smp, negeri, tanjung, selor, berbasis, web",sistem dukung putus tentu terima beasiswa usaha ptpkn dengan metode smart bagi siswa smp negeri tanjung lor bas web,4
8,9,Decision Support System Pemilihan Siswa Untuk Mengikuti Olimpiade Sains Biologi Dengan Metode Simple Multi Attribute Rating Technique (Smart) Pada Sma Negeri 5 Samarinda,,,Dewi Anggraini Nopiasih,2019,Sistem Informasi,Decision Support System Pemilihan Siswa Untuk Mengikuti Olimpiade Sains Biologi Dengan Metode Simple Multi Attribute Rating Technique Smart Pada Sma Negeri  Samarinda,"Decision, Support, System, Pemilihan, Siswa, Untuk, Mengikuti, Olimpiade, Sains, Biologi, Dengan, Metode, Simple, Multi, Attribute, Rating, Technique, Smart, Pada, Sma, Negeri, Samarinda","decision, support, system, pemilihan, siswa, untuk, mengikuti, olimpiade, sains, biologi, dengan, metode, simple, multi, attribute, rating, technique, smart, pada, sma, negeri, samarinda","decision, support, system, pemilihan, siswa, untuk, mengikuti, olimpiade, sains, biologi, dengan, metode, simple, multi, attribute, rating, technique, smart, pada, sma, negeri, samarinda",decision support system pilih siswa untuk ikut olimpiade sains biologi dengan metode simple multi attribute rating technique smart pada sma negeri samarinda,4
9,10,Sistem Informasi Reservasi Dan Pariwisata Pada Taman Wisata Graha Mangrove Bontang Kaltim Berbasis Website,,,Muhammad Arfin Aprianto,2019,Sistem Informasi,Sistem Informasi Reservasi Dan Pariwisata Pada Taman Wisata Graha Mangrove Bontang Kaltim Berbasis Website,"Sistem, Informasi, Reservasi, Dan, Pariwisata, Pada, Taman, Wisata, Graha, Mangrove, Bontang, Kaltim, Berbasis, Website","sistem, informasi, reservasi, dan, pariwisata, pada, taman, wisata, graha, mangrove, bontang, kaltim, berbasis, website","sistem, informasi, reservasi, dan, pariwisata, pada, taman, wisata, graha, mangrove, bontang, kaltim, berbasis, website",sistem informasi reservasi dan pariwisata pada taman wisata graha mangrove bontang kaltim bas website,5
10,11,Sistem Informasi Monitoring Kehadiran Pegawai Pada Seksi Pengendalian Dan Ketertiban Dinas Perhubungan Kota Samarinda Berbasis Online,,,Dean Swarna Dwipa,2019,Teknik Informatika,Sistem Informasi Monitoring Kehadiran Pegawai Pada Seksi Pengendalian Dan Ketertiban Dinas Perhubungan Kota Samarinda Berbasis Online,"Sistem, Informasi, Monitoring, Kehadiran, Pegawai, Pada, Seksi, Pengendalian, Dan, Ketertiban, Dinas, Perhubungan, Kota, Samarinda, Berbasis, Online","sistem, informasi, monitoring, kehadiran, pegawai, pada, seksi, pengendalian, dan, ketertiban, dinas, perhubungan, kota, samarinda, berbasis, online","sistem, informasi, monitoring, kehadiran, pegawai, pada, seksi, pengendalian, dan, ketertiban, dinas, perhubungan, kota, samarinda, berbasis, online",sistem informasi monitoring hadir pegawai pada seksi kendali dan tertib dinas hubung kota samarinda bas online,5
11,12,Implementasi Pengenalan Pola Tanda Tangan Menggunakan Jaringan Syaraf Tiruan Learning Vector Quantization (Lvq),,,M. Irwan Ukkas,2019,Sistem Informasi,Implementasi Pengenalan Pola Tanda Tangan Menggunakan Jaringan Syaraf Tiruan Learning Vector Quantization Lvq,"Implementasi, Pengenalan, Pola, Tanda, Tangan, Menggunakan, Jaringan, Syaraf, Tiruan, Learning, Vector, Quantization, Lvq","implementasi, pengenalan, pola, tanda, tangan, menggunakan, jaringan, syaraf, tiruan, learning, vector, quantization, lvq","implementasi, pengenalan, pola, tanda, tangan, menggunakan, jaringan, syaraf, tiruan, learning, vector, quantization, lvq",implementasi kenal pola tanda tangan guna jaring syaraf tiru learning vector quantization lvq,2
12,13,Sistem Pendukung Keputusan Penerimaan Teller Pada Bank Bri Menggunkan Metode Smarter Berbasis Web,,,Muhammad Suriansyah,2019,Sistem Informasi,Sistem Pendukung Keputusan Penerimaan Teller Pada Bank Bri Menggunkan Metode Smarter Berbasis Web,"Sistem, Pendukung, Keputusan, Penerimaan, Teller, Pada, Bank, Bri, Menggunkan, Metode, Smarter, Berbasis, Web","sistem, pendukung, keputusan, penerimaan, teller, pada, bank, bri, menggunkan, metode, smarter, berbasis, web","sistem, pendukung, keputusan, penerimaan, teller, pada, bank, bri, menggunkan, metode, smarter, berbasis, web",sistem dukung putus terima teller pada bank bri gun metode smarter bas web,4
13,14,Membangun Game Jojo Adventure Platform Berbasis Android,,,Rasim Delik,2019,Sistem Informasi,Membangun Game Jojo Adventure Platform Berbasis Android,"Membangun, Game, Jojo, Adventure, Platform, Berbasis, Android","membangun, game, jojo, adventure, platform, berbasis, android","membangun, game, jojo, adventure, platform, berbasis, android",bangun game jojo adventure platform bas android,2
14,15,Sistem Informasi Pemesanan Jasa Percetakan Pada Cv.Semoga Sukses Samarinda Berbasis Web,,,Sefty Wijayanti,2019,Sistem Informasi,Sistem Informasi Pemesanan Jasa Percetakan Pada CvSemoga Sukses Samarinda Berbasis Web,"Sistem, Informasi, Pemesanan, Jasa, Percetakan, Pada, CvSemoga, Sukses, Samarinda, Berbasis, Web","sistem, informasi, pemesanan, jasa, percetakan, pada, cvsemoga, sukses, samarinda, berbasis, web","sistem, informasi, pemesanan, jasa, percetakan, pada, cvsemoga, sukses, samarinda, berbasis, web",sistem informasi mesan jasa cetak pada cvsemoga sukses samarinda bas web,5
15,16,Membangun E-Commerce Oleh-Oleh Khas Kota Samarinda Studi Kasus Pada Umkm Kios Andi 89,,,Ekawati Yulsilviana,2019,Sistem Informasi,Membangun ECommerce OlehOleh Khas Kota Samarinda Studi Kasus Pada Umkm Kios Andi ,"Membangun, ECommerce, OlehOleh, Khas, Kota, Samarinda, Studi, Kasus, Pada, Umkm, Kios, Andi","membangun, ecommerce, oleholeh, khas, kota, samarinda, studi, kasus, pada, umkm, kios, andi","membangun, ecommerce, oleholeh, khas, kota, samarinda, studi, kasus, pada, umkm, kios, andi",bangun ecommerce oleholeh khas kota samarinda studi kasus pada umkm kios andi,1
16,17,Aplikasi Pembelajaran Rambu-Rambu Lalu Lintas Berbasis Multimedia,,,Irawan Satriawan Wibowo,2018,Manajemen Informatika,Aplikasi Pembelajaran RambuRambu Lalu Lintas Berbasis Multimedia,"Aplikasi, Pembelajaran, RambuRambu, Lalu, Lintas, Berbasis, Multimedia","aplikasi, pembelajaran, ramburambu, lalu, lintas, berbasis, multimedia","aplikasi, pembelajaran, ramburambu, lalu, lintas, berbasis, multimedia",aplikasi ajar ramburambu lalu lintas bas multimedia,2
17,18,Membangun Aplikasi Pengenalan Huruf Alfabet Dengan Augmented Reality Pada Lembaga Kursusdan Pelatihan Edu Global Samarinda,,,Basrie,2018,Manajemen Informatika,Membangun Aplikasi Pengenalan Huruf Alfabet Dengan Augmented Reality Pada Lembaga Kursusdan Pelatihan Edu Global Samarinda,"Membangun, Aplikasi, Pengenalan, Huruf, Alfabet, Dengan, Augmented, Reality, Pada, Lembaga, Kursusdan, Pelatihan, Edu, Global, Samarinda","membangun, aplikasi, pengenalan, huruf, alfabet, dengan, augmented, reality, pada, lembaga, kursusdan, pelatihan, edu, global, samarinda","membangun, aplikasi, pengenalan, huruf, alfabet, dengan, augmented, reality, pada, lembaga, kursusdan, pelatihan, edu, global, samarinda",bangun aplikasi kenal huruf alfabet dengan augmented reality pada lembaga kursusdan latih edu global samarinda,2
18,19,Aplikasi Surat Masuk Dan Surat Keluar Pada Smk Negeri 5 Samarinda Berbasis Website,,,Hariyanti,2018,Manajemen Informatika,Aplikasi Surat Masuk Dan Surat Keluar Pada Smk Negeri  Samarinda Berbasis Website,"Aplikasi, Surat, Masuk, Dan, Surat, Keluar, Pada, Smk, Negeri, Samarinda, Berbasis, Website","aplikasi, surat, masuk, dan, surat, keluar, pada, smk, negeri, samarinda, berbasis, website","aplikasi, surat, masuk, dan, surat, keluar, pada, smk, negeri, samarinda, berbasis, website",aplikasi surat masuk dan surat keluar pada smk negeri samarinda bas website,5
19,20,Membangun Website Pada Smpn 5 Sangkulirang,,,Nor Maria,2018,Manajemen Informatika,Membangun Website Pada Smpn  Sangkulirang,"Membangun, Website, Pada, Smpn, Sangkulirang","membangun, website, pada, smpn, sangkulirang","membangun, website, pada, smpn, sangkulirang",bangun website pada smpn sangkulirang,1
20,21,"Membangun Aplikasi Pembelajaran Pengenalan Perangkat Keras Komputer Dengan Augmented Reality (Studi Kasus: Smk Bhakti Loa Janan, Kutai Kartanegara)",,,Salmon,2018,Manajemen Informatika,Membangun Aplikasi Pembelajaran Pengenalan Perangkat Keras Komputer Dengan Augmented Reality Studi Kasus Smk Bhakti Loa Janan Kutai Kartanegara,"Membangun, Aplikasi, Pembelajaran, Pengenalan, Perangkat, Keras, Komputer, Dengan, Augmented, Reality, Studi, Kasus, Smk, Bhakti, Loa, Janan, Kutai, Kartanegara","membangun, aplikasi, pembelajaran, pengenalan, perangkat, keras, komputer, dengan, augmented, reality, studi, kasus, smk, bhakti, loa, janan, kutai, kartanegara","membangun, aplikasi, pembelajaran, pengenalan, perangkat, keras, komputer, dengan, augmented, reality, studi, kasus, smk, bhakti, loa, janan, kutai, kartanegara",bangun aplikasi ajar kenal perangkat keras komputer dengan augmented reality studi kasus smk bhakti loa janan kuta kartanegara,2
21,22,Membangun Aplikasi Pengenalan Hewan Dengan Augmented Reality Pada Sd Negeri 009 Loa Janan Ilir,,,Ahmad Nafarin,2018,Manajemen Informatika,Membangun Aplikasi Pengenalan Hewan Dengan Augmented Reality Pada Sd Negeri  Loa Janan Ilir,"Membangun, Aplikasi, Pengenalan, Hewan, Dengan, Augmented, Reality, Pada, Sd, Negeri, Loa, Janan, Ilir","membangun, aplikasi, pengenalan, hewan, dengan, augmented, reality, pada, sd, negeri, loa, janan, ilir","membangun, aplikasi, pengenalan, hewan, dengan, augmented, reality, pada, sd, negeri, loa, janan, ilir",bangun aplikasi kenal hewan dengan augmented reality pada sd negeri loa janan ilir,2
22,23,Aplikasi Pemasaran Perumahan Pada Kantor Mahakam Grande Berbasis Web,,,Rizky Amalia,2018,Manajemen Informatika,Aplikasi Pemasaran Perumahan Pada Kantor Mahakam Grande Berbasis Web,"Aplikasi, Pemasaran, Perumahan, Pada, Kantor, Mahakam, Grande, Berbasis, Web","aplikasi, pemasaran, perumahan, pada, kantor, mahakam, grande, berbasis, web","aplikasi, pemasaran, perumahan, pada, kantor, mahakam, grande, berbasis, web",aplikasi pasar rumah pada kantor mahakam grande bas web,5
23,24,Game Edukasi Drag And Drop Budaya Nusantara Untuk Siswa Sekolah Dasar,,,Muhammad Eko Wahyu Setiawan,2018,Manajemen Informatika,Game Edukasi Drag And Drop Budaya Nusantara Untuk Siswa Sekolah Dasar,"Game, Edukasi, Drag, And, Drop, Budaya, Nusantara, Untuk, Siswa, Sekolah, Dasar","game, edukasi, drag, and, drop, budaya, nusantara, untuk, siswa, sekolah, dasar","game, edukasi, drag, and, drop, budaya, nusantara, untuk, siswa, sekolah, dasar",game edukasi drag and drop budaya nusantara untuk siswa sekolah dasar,1
24,25,Membangun Website Pada Toko Borgol Samarinda,,,Tamiruddin,2018,Manajemen Informatika,Membangun Website Pada Toko Borgol Samarinda,"Membangun, Website, Pada, Toko, Borgol, Samarinda","membangun, website, pada, toko, borgol, samarinda","membangun, website, pada, toko, borgol, samarinda",bangun website pada toko borgol samarinda,1
25,26,Aplikasi Pendaftaran Siswa Baru Pada Sd Islam Al-Azhar 47 Samarinda Berbasis Web,,,Ismail Usri,2018,Manajemen Informatika,Aplikasi Pendaftaran Siswa Baru Pada Sd Islam AlAzhar  Samarinda Berbasis Web,"Aplikasi, Pendaftaran, Siswa, Baru, Pada, Sd, Islam, AlAzhar, Samarinda, Berbasis, Web","aplikasi, pendaftaran, siswa, baru, pada, sd, islam, alazhar, samarinda, berbasis, web","aplikasi, pendaftaran, siswa, baru, pada, sd, islam, alazhar, samarinda, berbasis, web",aplikasi daftar siswa baru pada sd islam alazhar samarinda bas web,5
26,27,Membangun Proxy Server Dan Manajemen Bandwidth Pada Jaringan Komputer Dengan Winbox Menggunakan Router Mikrotik,,,Jumar Wanto,2018,Teknik Informatika,Membangun Proxy Server Dan Manajemen Bandwidth Pada Jaringan Komputer Dengan Winbox Menggunakan Router Mikrotik,"Membangun, Proxy, Server, Dan, Manajemen, Bandwidth, Pada, Jaringan, Komputer, Dengan, Winbox, Menggunakan, Router, Mikrotik","membangun, proxy, server, dan, manajemen, bandwidth, pada, jaringan, komputer, dengan, winbox, menggunakan, router, mikrotik","membangun, proxy, server, dan, manajemen, bandwidth, pada, jaringan, komputer, dengan, winbox, menggunakan, router, mikrotik",bangun proxy server dan manajemen bandwidth pada jaring komputer dengan winbox guna router mikrotik,3
27,28,Sistem Pendukung Keputusan Pemilihan Bahan Baku Ayam Terbaik Untuk Usaha Rumah Makan Ibu Nur Menggunakan Metode Perbandingan Eksponensial (Mpe) Berbasis Visual,,,Muhammad Aenur Rochim,2018,Teknik Informatika,Sistem Pendukung Keputusan Pemilihan Bahan Baku Ayam Terbaik Untuk Usaha Rumah Makan Ibu Nur Menggunakan Metode Perbandingan Eksponensial Mpe Berbasis Visual,"Sistem, Pendukung, Keputusan, Pemilihan, Bahan, Baku, Ayam, Terbaik, Untuk, Usaha, Rumah, Makan, Ibu, Nur, Menggunakan, Metode, Perbandingan, Eksponensial, Mpe, Berbasis, Visual","sistem, pendukung, keputusan, pemilihan, bahan, baku, ayam, terbaik, untuk, usaha, rumah, makan, ibu, nur, menggunakan, metode, perbandingan, eksponensial, mpe, berbasis, visual","sistem, pendukung, keputusan, pemilihan, bahan, baku, ayam, terbaik, untuk, usaha, rumah, makan, ibu, nur, menggunakan, metode, perbandingan, eksponensial, mpe, berbasis, visual",sistem dukung putus pilih bahan baku ayam baik untuk usaha rumah makan ibu nur guna metode banding eksponensial mpe bas visual,4
28,29,Perbandingan Implementasi Metode Naļve Bayes Dan C4.5 Dalam Pengklasifikasian Gaya Belajar Siswa Pada Sd Muhammadiyah 4 Terpadu,,,Gustaf Dwi Prie Anugrah,2018,Teknik Informatika,Perbandingan Implementasi Metode Nave Bayes Dan C Dalam Pengklasifikasian Gaya Belajar Siswa Pada Sd Muhammadiyah  Terpadu,"Perbandingan, Implementasi, Metode, Nave, Bayes, Dan, C, Dalam, Pengklasifikasian, Gaya, Belajar, Siswa, Pada, Sd, Muhammadiyah, Terpadu","perbandingan, implementasi, metode, nave, bayes, dan, c, dalam, pengklasifikasian, gaya, belajar, siswa, pada, sd, muhammadiyah, terpadu","perbandingan, implementasi, metode, nave, bayes, dan, c, dalam, pengklasifikasian, gaya, belajar, siswa, pada, sd, muhammadiyah, terpadu",banding implementasi metode nave bayes dan c dalam klasifikasi gaya ajar siswa pada sd muhammadiyah padu,4
29,30,Membangun Policy-Based Routing Pada Jaringan Vpn Dan Astinet Menggunakan Mikrotik (Studi Kasus : Balai Besar Pengawas Obat Dan Makanan Kota Samarinda),,,Rahmansyah,2018,Teknik Informatika,Membangun PolicyBased Routing Pada Jaringan Vpn Dan Astinet Menggunakan Mikrotik Studi Kasus  Balai Besar Pengawas Obat Dan Makanan Kota Samarinda,"Membangun, PolicyBased, Routing, Pada, Jaringan, Vpn, Dan, Astinet, Menggunakan, Mikrotik, Studi, Kasus, Balai, Besar, Pengawas, Obat, Dan, Makanan, Kota, Samarinda","membangun, policybased, routing, pada, jaringan, vpn, dan, astinet, menggunakan, mikrotik, studi, kasus, balai, besar, pengawas, obat, dan, makanan, kota, samarinda","membangun, policybased, routing, pada, jaringan, vpn, dan, astinet, menggunakan, mikrotik, studi, kasus, balai, besar, pengawas, obat, dan, makanan, kota, samarinda",bangun policybased routing pada jaring vpn dan astinet guna mikrotik studi kasus balai besar awas obat dan makan kota samarinda,2
30,31,Membangun Pengenalan Hewan Augmented Reality Berbasis Android Menggunakan Vuforia,,,Zulfikar Fitri Istyanto,2018,Teknik Informatika,Membangun Pengenalan Hewan Augmented Reality Berbasis Android Menggunakan Vuforia,"Membangun, Pengenalan, Hewan, Augmented, Reality, Berbasis, Android, Menggunakan, Vuforia","membangun, pengenalan, hewan, augmented, reality, berbasis, android, menggunakan, vuforia","membangun, pengenalan, hewan, augmented, reality, berbasis, android, menggunakan, vuforia",bangun kenal hewan augmented reality bas android guna vuforia,2
31,32,Implementasi Skala Likert Seleksi Karyawan Baru Dengan Metode Fuzzy Tsukamoto Berbasis Web (Studi Kasus Pada Pt Telkom Akses Area Samarinda),,,Tendi Riandi,2018,Teknik Informatika,Implementasi Skala Likert Seleksi Karyawan Baru Dengan Metode Fuzzy Tsukamoto Berbasis Web Studi Kasus Pada Pt Telkom Akses Area Samarinda,"Implementasi, Skala, Likert, Seleksi, Karyawan, Baru, Dengan, Metode, Fuzzy, Tsukamoto, Berbasis, Web, Studi, Kasus, Pada, Pt, Telkom, Akses, Area, Samarinda","implementasi, skala, likert, seleksi, karyawan, baru, dengan, metode, fuzzy, tsukamoto, berbasis, web, studi, kasus, pada, pt, telkom, akses, area, samarinda","implementasi, skala, likert, seleksi, karyawan, baru, dengan, metode, fuzzy, tsukamoto, berbasis, web, studi, kasus, pada, pt, telkom, akses, area, samarinda",implementasi skala likert seleksi karyawan baru dengan metode fuzzy tsukamoto bas web studi kasus pada pt telkom akses area samarinda,5
32,33,Implementasi Simple Additive Weighting (Saw) Untuk Menentukan Kenaikan Gaji Guru Honorer Pada Sdn 011 Tenggarong Seberang Berbasis Vb.Net,,,I Wayan Andi Saputra Dayana,2018,Teknik Informatika,Implementasi Simple Additive Weighting Saw Untuk Menentukan Kenaikan Gaji Guru Honorer Pada Sdn  Tenggarong Seberang Berbasis VbNet,"Implementasi, Simple, Additive, Weighting, Saw, Untuk, Menentukan, Kenaikan, Gaji, Guru, Honorer, Pada, Sdn, Tenggarong, Seberang, Berbasis, VbNet","implementasi, simple, additive, weighting, saw, untuk, menentukan, kenaikan, gaji, guru, honorer, pada, sdn, tenggarong, seberang, berbasis, vbnet","implementasi, simple, additive, weighting, saw, untuk, menentukan, kenaikan, gaji, guru, honorer, pada, sdn, tenggarong, seberang, berbasis, vbnet",implementasi simple additive weighting saw untuk tentu naik gaji guru honorer pada sdn tenggarong seberang bas vbnet,1
33,34,Penerapan Metode Promethee Dalam Menentukan Pegawai Teladan Pada Pt.Telkom Akses,,,Taufikkuridho,2018,Teknik Informatika,Penerapan Metode Promethee Dalam Menentukan Pegawai Teladan Pada PtTelkom Akses,"Penerapan, Metode, Promethee, Dalam, Menentukan, Pegawai, Teladan, Pada, PtTelkom, Akses","penerapan, metode, promethee, dalam, menentukan, pegawai, teladan, pada, pttelkom, akses","penerapan, metode, promethee, dalam, menentukan, pegawai, teladan, pada, pttelkom, akses",terap metode promethee dalam tentu pegawai teladan pada pttelkom akses,4
34,35,Sistem Informasi Pengelolaan Media Pembelajaran Berbasis Intranet Pada Smp Negeri 7 Samarinda,,,Dewi Sulistyowati,2018,Teknik Informatika,Sistem Informasi Pengelolaan Media Pembelajaran Berbasis Intranet Pada Smp Negeri  Samarinda,"Sistem, Informasi, Pengelolaan, Media, Pembelajaran, Berbasis, Intranet, Pada, Smp, Negeri, Samarinda","sistem, informasi, pengelolaan, media, pembelajaran, berbasis, intranet, pada, smp, negeri, samarinda","sistem, informasi, pengelolaan, media, pembelajaran, berbasis, intranet, pada, smp, negeri, samarinda",sistem informasi kelola media ajar bas intranet pada smp negeri samarinda,5
35,36,Sistem Pendukung Keputusan Pemilihan Karyawan Berprestasi Pada Pt. Pelindo Iv (Persero) Cabang Samarinda Menggunakan Metode Analytical Hierarchy Process (Ahp),,,Joana Mandasari,2018,Teknik Informatika,Sistem Pendukung Keputusan Pemilihan Karyawan Berprestasi Pada Pt Pelindo Iv Persero Cabang Samarinda Menggunakan Metode Analytical Hierarchy Process Ahp,"Sistem, Pendukung, Keputusan, Pemilihan, Karyawan, Berprestasi, Pada, Pt, Pelindo, Iv, Persero, Cabang, Samarinda, Menggunakan, Metode, Analytical, Hierarchy, Process, Ahp","sistem, pendukung, keputusan, pemilihan, karyawan, berprestasi, pada, pt, pelindo, iv, persero, cabang, samarinda, menggunakan, metode, analytical, hierarchy, process, ahp","sistem, pendukung, keputusan, pemilihan, karyawan, berprestasi, pada, pt, pelindo, iv, persero, cabang, samarinda, menggunakan, metode, analytical, hierarchy, process, ahp",sistem dukung putus pilih karyawan prestasi pada pt pelindo iv persero cabang samarinda guna metode analytical hierarchy process ahp,4
36,37,Membangun Website Karya Jurusan Multimedia Pada Sekolah Menengah Kejuruan Teknologi Informasi Airlangga Samarinda,,,M. Irwan Ukkas,2017,Teknik Informatika,Membangun Website Karya Jurusan Multimedia Pada Sekolah Menengah Kejuruan Teknologi Informasi Airlangga Samarinda,"Membangun, Website, Karya, Jurusan, Multimedia, Pada, Sekolah, Menengah, Kejuruan, Teknologi, Informasi, Airlangga, Samarinda","membangun, website, karya, jurusan, multimedia, pada, sekolah, menengah, kejuruan, teknologi, informasi, airlangga, samarinda","membangun, website, karya, jurusan, multimedia, pada, sekolah, menengah, kejuruan, teknologi, informasi, airlangga, samarinda",bangun website karya jurus multimedia pada sekolah tengah juru teknologi informasi airlangga samarinda,5
37,38,Sistem Pendeteksi Peringatan Dini Keamanan Rumah Berbasis Mikrokontroler Atmega 16 Dan Sms Gateway,,,Muhamad Pratama Idipasi,2017,Teknik Informatika,Sistem Pendeteksi Peringatan Dini Keamanan Rumah Berbasis Mikrokontroler Atmega  Dan Sms Gateway,"Sistem, Pendeteksi, Peringatan, Dini, Keamanan, Rumah, Berbasis, Mikrokontroler, Atmega, Dan, Sms, Gateway","sistem, pendeteksi, peringatan, dini, keamanan, rumah, berbasis, mikrokontroler, atmega, dan, sms, gateway","sistem, pendeteksi, peringatan, dini, keamanan, rumah, berbasis, mikrokontroler, atmega, dan, sms, gateway",sistem deteksi ingat dini aman rumah bas mikrokontroler atmega dan sms gateway,5
38,39,Sistem Pendukung Keputusan Pengajuan Kartu Kredit Pada Bank Bni Menggunakan Metode Analytical Hierarchy Process,,,Bagus Harjanto,2017,Teknik Informatika,Sistem Pendukung Keputusan Pengajuan Kartu Kredit Pada Bank Bni Menggunakan Metode Analytical Hierarchy Process,"Sistem, Pendukung, Keputusan, Pengajuan, Kartu, Kredit, Pada, Bank, Bni, Menggunakan, Metode, Analytical, Hierarchy, Process","sistem, pendukung, keputusan, pengajuan, kartu, kredit, pada, bank, bni, menggunakan, metode, analytical, hierarchy, process","sistem, pendukung, keputusan, pengajuan, kartu, kredit, pada, bank, bni, menggunakan, metode, analytical, hierarchy, process",sistem dukung putus aju kartu kredit pada bank bni guna metode analytical hierarchy process,4
39,40,Penerapan Metode Perbandingan Eksponensial Dengan Skala Likert Dalam Pengembangan Sistem Pendukung Keputusan Pemilihan Berita Terbaik,,,Ade Himawan,2017,Teknik Informatika,Penerapan Metode Perbandingan Eksponensial Dengan Skala Likert Dalam Pengembangan Sistem Pendukung Keputusan Pemilihan Berita Terbaik,"Penerapan, Metode, Perbandingan, Eksponensial, Dengan, Skala, Likert, Dalam, Pengembangan, Sistem, Pendukung, Keputusan, Pemilihan, Berita, Terbaik","penerapan, metode, perbandingan, eksponensial, dengan, skala, likert, dalam, pengembangan, sistem, pendukung, keputusan, pemilihan, berita, terbaik","penerapan, metode, perbandingan, eksponensial, dengan, skala, likert, dalam, pengembangan, sistem, pendukung, keputusan, pemilihan, berita, terbaik",terap metode banding eksponensial dengan skala likert dalam kembang sistem dukung putus pilih berita baik,4
40,41,Aplikasi Pemilihan Handphone Pada Parindo Celluler Dengan Metode Fuzzy Multi Criteria Decision Making,,,Surya Adi Nugraha,2017,Teknik Informatika,Aplikasi Pemilihan Handphone Pada Parindo Celluler Dengan Metode Fuzzy Multi Criteria Decision Making,"Aplikasi, Pemilihan, Handphone, Pada, Parindo, Celluler, Dengan, Metode, Fuzzy, Multi, Criteria, Decision, Making","aplikasi, pemilihan, handphone, pada, parindo, celluler, dengan, metode, fuzzy, multi, criteria, decision, making","aplikasi, pemilihan, handphone, pada, parindo, celluler, dengan, metode, fuzzy, multi, criteria, decision, making",aplikasi pilih handphone pada parindo celluler dengan metode fuzzy multi criteria decision making,4
41,42,Implementasi Absensi Siswa Berbasis Sms Gateway Pada Smk Muhammadiyah 1 Samarinda,,,Reza Jakaria Rahmanto,2017,Teknik Informatika,Implementasi Absensi Siswa Berbasis Sms Gateway Pada Smk Muhammadiyah  Samarinda,"Implementasi, Absensi, Siswa, Berbasis, Sms, Gateway, Pada, Smk, Muhammadiyah, Samarinda","implementasi, absensi, siswa, berbasis, sms, gateway, pada, smk, muhammadiyah, samarinda","implementasi, absensi, siswa, berbasis, sms, gateway, pada, smk, muhammadiyah, samarinda",implementasi absensi siswa bas sms gateway pada smk muhammadiyah samarinda,5
42,43,Sistem Pakar Diagnosa Kerusakan Tv Tipe Lcd Menggunakan Metode Forward Chaining Pada Alna Elektronik,,,Wardana Gustiansyah,2017,Teknik Informatika,Sistem Pakar Diagnosa Kerusakan Tv Tipe Lcd Menggunakan Metode Forward Chaining Pada Alna Elektronik,"Sistem, Pakar, Diagnosa, Kerusakan, Tv, Tipe, Lcd, Menggunakan, Metode, Forward, Chaining, Pada, Alna, Elektronik","sistem, pakar, diagnosa, kerusakan, tv, tipe, lcd, menggunakan, metode, forward, chaining, pada, alna, elektronik","sistem, pakar, diagnosa, kerusakan, tv, tipe, lcd, menggunakan, metode, forward, chaining, pada, alna, elektronik",sistem pakar diagnosa rusa tv tipe lcd guna metode forward chaining pada alna elektronik,4
43,44,Penerapan Spk Decission Tree Menggunakan Algoritma C4.5 Pada Pt.Beringin,,,SAID ALWI,2017,Teknik Informatika,Penerapan Spk Decission Tree Menggunakan Algoritma C Pada PtBeringin,"Penerapan, Spk, Decission, Tree, Menggunakan, Algoritma, C, Pada, PtBeringin","penerapan, spk, decission, tree, menggunakan, algoritma, c, pada, ptberingin","penerapan, spk, decission, tree, menggunakan, algoritma, c, pada, ptberingin",terap spk decission tree guna algoritma c pada ptberingin,2
44,45,Sistem Informasi Pengolahan Data Masyarakat Pedalaman Khususnya Dayak Aoheng Kalimantan Timur Pada Dewan Pimpinan Pusat Kerukunan Keluarga Aoheng Kalimantan Timur (Dpp-Kka-Kaltim) Di Samarinda,,,Anthony Dewa Ladjar,2017,Teknik Informatika,Sistem Informasi Pengolahan Data Masyarakat Pedalaman Khususnya Dayak Aoheng Kalimantan Timur Pada Dewan Pimpinan Pusat Kerukunan Keluarga Aoheng Kalimantan Timur DppKkaKaltim Di Samarinda,"Sistem, Informasi, Pengolahan, Data, Masyarakat, Pedalaman, Khususnya, Dayak, Aoheng, Kalimantan, Timur, Pada, Dewan, Pimpinan, Pusat, Kerukunan, Keluarga, Aoheng, Kalimantan, Timur, DppKkaKaltim, Di, Samarinda","sistem, informasi, pengolahan, data, masyarakat, pedalaman, khususnya, dayak, aoheng, kalimantan, timur, pada, dewan, pimpinan, pusat, kerukunan, keluarga, aoheng, kalimantan, timur, dppkkakaltim, di, samarinda","sistem, informasi, pengolahan, data, masyarakat, pedalaman, khususnya, dayak, aoheng, kalimantan, timur, pada, dewan, pimpinan, pusat, kerukunan, keluarga, aoheng, kalimantan, timur, dppkkakaltim, di, samarinda",sistem informasi olah data masyarakat dalam khusus dayak aoheng kalimantan timur pada dewan pimpin pusat rukun keluarga aoheng kalimantan timur dppkkakaltim di samarinda,3
45,46,Pengembangan Sistem Pengolahan Data Gaji Karyawan Pada Cv. Borneo Mandiri Jaya Berbasis Client Server,,,Agus Haryadi,2017,Teknik Informatika,Pengembangan Sistem Pengolahan Data Gaji Karyawan Pada Cv Borneo Mandiri Jaya Berbasis Client Server,"Pengembangan, Sistem, Pengolahan, Data, Gaji, Karyawan, Pada, Cv, Borneo, Mandiri, Jaya, Berbasis, Client, Server","pengembangan, sistem, pengolahan, data, gaji, karyawan, pada, cv, borneo, mandiri, jaya, berbasis, client, server","pengembangan, sistem, pengolahan, data, gaji, karyawan, pada, cv, borneo, mandiri, jaya, berbasis, client, server",kembang sistem olah data gaji karyawan pada cv borneo mandiri jaya bas client server,3
46,47,"Sistem Informasi Penjualan Suku Cadang Sepeda Motor
Pada Cv. Irwan Jaya Motor Berbasis Website",,,Robby Hanggara,2017,Sistem Informasi,"Sistem Informasi Penjualan Suku Cadang Sepeda Motor
Pada Cv Irwan Jaya Motor Berbasis Website","Sistem, Informasi, Penjualan, Suku, Cadang, Sepeda, Motor, Pada, Cv, Irwan, Jaya, Motor, Berbasis, Website","sistem, informasi, penjualan, suku, cadang, sepeda, motor, pada, cv, irwan, jaya, motor, berbasis, website","sistem, informasi, penjualan, suku, cadang, sepeda, motor, pada, cv, irwan, jaya, motor, berbasis, website",sistem informasi jual suku cadang sepeda motor pada cv irwan jaya motor bas website,3
47,48,Sistem Informasi Penjualan Pada Pt.Surya Madistrindo Menggunakan Sistem Barcode,,,Era Nagara,2017,Sistem Informasi,Sistem Informasi Penjualan Pada PtSurya Madistrindo Menggunakan Sistem Barcode,"Sistem, Informasi, Penjualan, Pada, PtSurya, Madistrindo, Menggunakan, Sistem, Barcode","sistem, informasi, penjualan, pada, ptsurya, madistrindo, menggunakan, sistem, barcode","sistem, informasi, penjualan, pada, ptsurya, madistrindo, menggunakan, sistem, barcode",sistem informasi jual pada ptsurya madistrindo guna sistem barcode,5
48,49,Sistem Informasi Cuti Pegawai Berbasis Web Pada Badan Pusat Statistik Provinsi Kalimantan Timur,,,Mahdalena,2017,Sistem Informasi,Sistem Informasi Cuti Pegawai Berbasis Web Pada Badan Pusat Statistik Provinsi Kalimantan Timur,"Sistem, Informasi, Cuti, Pegawai, Berbasis, Web, Pada, Badan, Pusat, Statistik, Provinsi, Kalimantan, Timur","sistem, informasi, cuti, pegawai, berbasis, web, pada, badan, pusat, statistik, provinsi, kalimantan, timur","sistem, informasi, cuti, pegawai, berbasis, web, pada, badan, pusat, statistik, provinsi, kalimantan, timur",sistem informasi cuti pegawai bas web pada badan pusat statistik provinsi kalimantan timur,5
49,50,Sistem Pendukung Keputusan Dalam Menentukan Pembelian Jenis Mobil Merk Mitsubishi Pada Pt. Mahakam Berlian Samjaya Samarinda Dengan Menggunakan Metode Simple Additive Weighting,,,Fitrian Ramadhany,2017,Sistem Informasi,Sistem Pendukung Keputusan Dalam Menentukan Pembelian Jenis Mobil Merk Mitsubishi Pada Pt Mahakam Berlian Samjaya Samarinda Dengan Menggunakan Metode Simple Additive Weighting,"Sistem, Pendukung, Keputusan, Dalam, Menentukan, Pembelian, Jenis, Mobil, Merk, Mitsubishi, Pada, Pt, Mahakam, Berlian, Samjaya, Samarinda, Dengan, Menggunakan, Metode, Simple, Additive, Weighting","sistem, pendukung, keputusan, dalam, menentukan, pembelian, jenis, mobil, merk, mitsubishi, pada, pt, mahakam, berlian, samjaya, samarinda, dengan, menggunakan, metode, simple, additive, weighting","sistem, pendukung, keputusan, dalam, menentukan, pembelian, jenis, mobil, merk, mitsubishi, pada, pt, mahakam, berlian, samjaya, samarinda, dengan, menggunakan, metode, simple, additive, weighting",sistem dukung putus dalam tentu beli jenis mobil merk mitsubishi pada pt mahakam berlian samjaya samarinda dengan guna metode simple additive weighting,4
50,51,Sistem Informasi Surat Perintah Perjalanan Dinas Berbasis Web Pada Uptd Balai Latihan Kerja Balikpapan,,,Hudais Tri Putra,2017,Sistem Informasi,Sistem Informasi Surat Perintah Perjalanan Dinas Berbasis Web Pada Uptd Balai Latihan Kerja Balikpapan,"Sistem, Informasi, Surat, Perintah, Perjalanan, Dinas, Berbasis, Web, Pada, Uptd, Balai, Latihan, Kerja, Balikpapan","sistem, informasi, surat, perintah, perjalanan, dinas, berbasis, web, pada, uptd, balai, latihan, kerja, balikpapan","sistem, informasi, surat, perintah, perjalanan, dinas, berbasis, web, pada, uptd, balai, latihan, kerja, balikpapan",sistem informasi surat perintah jalan dinas bas web pada uptd balai latih kerja balikpapan,5
51,52,Sistem Informasi Kependudukan Pada Biro Peerintahan Umum Setda Prov. Kaltim Berbasis Web (Studi Kasus: Biro Pemerintahan Umum Setda Prov. Kaltim),,,Junaidi Arbie,2017,Sistem Informasi,Sistem Informasi Kependudukan Pada Biro Peerintahan Umum Setda Prov Kaltim Berbasis Web Studi Kasus Biro Pemerintahan Umum Setda Prov Kaltim,"Sistem, Informasi, Kependudukan, Pada, Biro, Peerintahan, Umum, Setda, Prov, Kaltim, Berbasis, Web, Studi, Kasus, Biro, Pemerintahan, Umum, Setda, Prov, Kaltim","sistem, informasi, kependudukan, pada, biro, peerintahan, umum, setda, prov, kaltim, berbasis, web, studi, kasus, biro, pemerintahan, umum, setda, prov, kaltim","sistem, informasi, kependudukan, pada, biro, peerintahan, umum, setda, prov, kaltim, berbasis, web, studi, kasus, biro, pemerintahan, umum, setda, prov, kaltim",sistem informasi duduk pada biro peerintahan umum setda prov kaltim bas web studi kasus biro perintah umum setda prov kaltim,5
52,53,Sistem Informasi Pengajuan Cuti Karyawan Pada Pt. Danny Samudera Raya Line Samarinda Berbasis Website,,,Tommy Limarsaputra,2017,Sistem Informasi,Sistem Informasi Pengajuan Cuti Karyawan Pada Pt Danny Samudera Raya Line Samarinda Berbasis Website,"Sistem, Informasi, Pengajuan, Cuti, Karyawan, Pada, Pt, Danny, Samudera, Raya, Line, Samarinda, Berbasis, Website","sistem, informasi, pengajuan, cuti, karyawan, pada, pt, danny, samudera, raya, line, samarinda, berbasis, website","sistem, informasi, pengajuan, cuti, karyawan, pada, pt, danny, samudera, raya, line, samarinda, berbasis, website",sistem informasi aju cuti karyawan pada pt danny samudera raya line samarinda bas website,5
53,54,Aplkasi Kamus Komputer Dan Informatika Berbasis Android,,,Michrendy,2017,Sistem Informasi,Aplkasi Kamus Komputer Dan Informatika Berbasis Android,"Aplkasi, Kamus, Komputer, Dan, Informatika, Berbasis, Android","aplkasi, kamus, komputer, dan, informatika, berbasis, android","aplkasi, kamus, komputer, dan, informatika, berbasis, android",aplkasi kamus komputer dan informatika bas android,2
54,55,Media Pembelajaran Pengenalan Objek Gambar Untuk Anak Berbasis Multimedia,,,Mikael Theo,2017,Sistem Informasi,Media Pembelajaran Pengenalan Objek Gambar Untuk Anak Berbasis Multimedia,"Media, Pembelajaran, Pengenalan, Objek, Gambar, Untuk, Anak, Berbasis, Multimedia","media, pembelajaran, pengenalan, objek, gambar, untuk, anak, berbasis, multimedia","media, pembelajaran, pengenalan, objek, gambar, untuk, anak, berbasis, multimedia",media ajar kenal objek gambar untuk anak bas multimedia,2
55,56,Sistem Informasi Barang Gudang Pada Pt. Intiboga Mandiri Samarinda,,,M.Arsyad Efendi,2017,Sistem Informasi,Sistem Informasi Barang Gudang Pada Pt Intiboga Mandiri Samarinda,"Sistem, Informasi, Barang, Gudang, Pada, Pt, Intiboga, Mandiri, Samarinda","sistem, informasi, barang, gudang, pada, pt, intiboga, mandiri, samarinda","sistem, informasi, barang, gudang, pada, pt, intiboga, mandiri, samarinda",sistem informasi barang gudang pada pt intiboga mandiri samarinda,5
56,57,Membangun Aplikasi Pendaftaran Siswa Baru Pada Smk Negeri 5 Samarinda Berbasis Website,,,Alan Rezki Maulana,2017,Manajemen Informatika,Membangun Aplikasi Pendaftaran Siswa Baru Pada Smk Negeri  Samarinda Berbasis Website,"Membangun, Aplikasi, Pendaftaran, Siswa, Baru, Pada, Smk, Negeri, Samarinda, Berbasis, Website","membangun, aplikasi, pendaftaran, siswa, baru, pada, smk, negeri, samarinda, berbasis, website","membangun, aplikasi, pendaftaran, siswa, baru, pada, smk, negeri, samarinda, berbasis, website",bangun aplikasi daftar siswa baru pada smk negeri samarinda bas website,1
57,58,Sistem Informasi Pengolahan Data Nilai Siswa Pada Smk Negeri 4 Samarinda Menggunakan Visual Basic,,,Muhammad Ridho Wahyudi,2017,Manajemen Informatika,Sistem Informasi Pengolahan Data Nilai Siswa Pada Smk Negeri  Samarinda Menggunakan Visual Basic,"Sistem, Informasi, Pengolahan, Data, Nilai, Siswa, Pada, Smk, Negeri, Samarinda, Menggunakan, Visual, Basic","sistem, informasi, pengolahan, data, nilai, siswa, pada, smk, negeri, samarinda, menggunakan, visual, basic","sistem, informasi, pengolahan, data, nilai, siswa, pada, smk, negeri, samarinda, menggunakan, visual, basic",sistem informasi olah data nilai siswa pada smk negeri samarinda guna visual basic,3
58,59,Membangun Aplikasi Pengolahan Data Nilai Berbasis Web Pada Smk Negeri 15 Samarinda,,,Billy Ishak Sonneng,2017,Manajemen Informatika,Membangun Aplikasi Pengolahan Data Nilai Berbasis Web Pada Smk Negeri  Samarinda,"Membangun, Aplikasi, Pengolahan, Data, Nilai, Berbasis, Web, Pada, Smk, Negeri, Samarinda","membangun, aplikasi, pengolahan, data, nilai, berbasis, web, pada, smk, negeri, samarinda","membangun, aplikasi, pengolahan, data, nilai, berbasis, web, pada, smk, negeri, samarinda",bangun aplikasi olah data nilai bas web pada smk negeri samarinda,3
59,60,Membangun Website Pada Tk Mayang Mekar Tenggarong Seberang,,,Lencau Arung,2017,Manajemen Informatika,Membangun Website Pada Tk Mayang Mekar Tenggarong Seberang,"Membangun, Website, Pada, Tk, Mayang, Mekar, Tenggarong, Seberang","membangun, website, pada, tk, mayang, mekar, tenggarong, seberang","membangun, website, pada, tk, mayang, mekar, tenggarong, seberang",bangun website pada tk mayang mekar tenggarong seberang,1
60,61,Aplikasi Pembelajaran Siswa Siswi Taman Kanak – Kanak Pada Raudhatul Athfal Al – Falah Berbasis Multimedia,,,Muhammad Riduan,2017,Manajemen Informatika,Aplikasi Pembelajaran Siswa Siswi Taman Kanak  Kanak Pada Raudhatul Athfal Al  Falah Berbasis Multimedia,"Aplikasi, Pembelajaran, Siswa, Siswi, Taman, Kanak, Kanak, Pada, Raudhatul, Athfal, Al, Falah, Berbasis, Multimedia","aplikasi, pembelajaran, siswa, siswi, taman, kanak, kanak, pada, raudhatul, athfal, al, falah, berbasis, multimedia","aplikasi, pembelajaran, siswa, siswi, taman, kanak, kanak, pada, raudhatul, athfal, al, falah, berbasis, multimedia",aplikasi ajar siswa siswi taman kanak kanak pada raudhatul athfal al falah bas multimedia,5
61,62,Aplikasi Pengolahan Data Sparepart Pada Pt Kaltim Prima Utama Coal,,,Muhammad Salman,2017,Manajemen Informatika,Aplikasi Pengolahan Data Sparepart Pada Pt Kaltim Prima Utama Coal,"Aplikasi, Pengolahan, Data, Sparepart, Pada, Pt, Kaltim, Prima, Utama, Coal","aplikasi, pengolahan, data, sparepart, pada, pt, kaltim, prima, utama, coal","aplikasi, pengolahan, data, sparepart, pada, pt, kaltim, prima, utama, coal",aplikasi olah data sparepart pada pt kaltim prima utama coal,3
62,63,Aplikasi Monitoring Bukti Potong Pph Pasal 15 Pada Pt. Pelayaran Duta Lintas Samudera,,,Wiwik Jayanti,2017,Manajemen Informatika,Aplikasi Monitoring Bukti Potong Pph Pasal  Pada Pt Pelayaran Duta Lintas Samudera,"Aplikasi, Monitoring, Bukti, Potong, Pph, Pasal, Pada, Pt, Pelayaran, Duta, Lintas, Samudera","aplikasi, monitoring, bukti, potong, pph, pasal, pada, pt, pelayaran, duta, lintas, samudera","aplikasi, monitoring, bukti, potong, pph, pasal, pada, pt, pelayaran, duta, lintas, samudera",aplikasi monitoring bukti potong pph pasal pada pt layar duta lintas samudera,5
63,64,Aplikasi Kebugaran Tubuh Berbasis Multimedia,,,Muhammad Yasin,2017,Manajemen Informatika,Aplikasi Kebugaran Tubuh Berbasis Multimedia,"Aplikasi, Kebugaran, Tubuh, Berbasis, Multimedia","aplikasi, kebugaran, tubuh, berbasis, multimedia","aplikasi, kebugaran, tubuh, berbasis, multimedia",aplikasi bugar tubuh bas multimedia,2
64,65,Sistem Informasi Data Kepegawaian Pada Kantor Desa Loa Duri Ulu Berbasis Visual Basic 6.0,,,Arya Sanjaya Lantang,2017,Manajemen Informatika,Sistem Informasi Data Kepegawaian Pada Kantor Desa Loa Duri Ulu Berbasis Visual Basic ,"Sistem, Informasi, Data, Kepegawaian, Pada, Kantor, Desa, Loa, Duri, Ulu, Berbasis, Visual, Basic","sistem, informasi, data, kepegawaian, pada, kantor, desa, loa, duri, ulu, berbasis, visual, basic","sistem, informasi, data, kepegawaian, pada, kantor, desa, loa, duri, ulu, berbasis, visual, basic",sistem informasi data pegawai pada kantor desa loa duri ulu bas visual basic,3
65,66,Aplikasi Pengolahan Data Service Handphone Pada Orange Phone Samarinda,,,Nurika Dwi Lestari,2017,Manajemen Informatika,Aplikasi Pengolahan Data Service Handphone Pada Orange Phone Samarinda,"Aplikasi, Pengolahan, Data, Service, Handphone, Pada, Orange, Phone, Samarinda","aplikasi, pengolahan, data, service, handphone, pada, orange, phone, samarinda","aplikasi, pengolahan, data, service, handphone, pada, orange, phone, samarinda",aplikasi olah data service handphone pada orange phone samarinda,3
66,74,efef,"""['Membangun', 'Pengenalan', 'Hewan', 'Augmented', 'Reality', 'Berbasis', 'Android', 'Menggunakan', 'Vuforia']""",dgvdv,fefef,2929,sfsd,efef,efef,efef,efef,efef,2
67,75,frans,eferfefe,fesdfc,feer,1111,ferfe,frans,frans,frans,frans,frans,2
